state,county,population
AK,Aleutians East Borough,3461
AK,Aleutians West Census Area,5160
AK,Anchorage Municipality,286075
AK,Bethel Census Area,18224
AK,Bristol Bay Borough,844
AK,Chugach Census Area,6769
AK,Copper River Census Area,2674
AK,Denali Borough,1584
AK,Dillingham Census Area,4607
AK,Fairbanks North Star Borough,94840
AK,Haines Borough,2070
AK,Hoonah-Angoon Census Area,2262
AK,Juneau City and Borough,31555
AK,Kenai Peninsula Borough,61223
AK,Ketchikan Gateway Borough,13738
AK,Kodiak Island Borough,12565
AK,Kusilvak Census Area,8001
AK,Lake and Peninsula Borough,1331
AK,Matanuska-Susitna Borough,115239
AK,Nome Census Area,9763
AK,North Slope Borough,10603
AK,Northwest Arctic Borough,7361
AK,Petersburg Borough,3427
AK,Prince of Wales-Hyder Census Area,5696
AK,Sitka City and Borough,8282
AK,Skagway Municipality,1095
AK,Southeast Fairbanks Census Area,7077
AK,Wrangell City and Borough,2064
AK,Yakutat City and Borough,687
AK,Yukon-Koyukuk Census Area,5129
AL,Autauga County,60342
AL,Baldwin County,253507
AL,Barbour County,24585
AL,Bibb County,21868
AL,Blount County,59816
AL,Bullock County,9897
AL,Butler County,18382
AL,Calhoun County,116429
AL,Chambers County,34079
AL,Cherokee County,25666
AL,Chilton County,46431
AL,Choctaw County,12252
AL,Clarke County,22337
AL,Clay County,14111
AL,Cleburne County,15639
AL,Coffee County,55643
AL,Colbert County,58361
AL,Conecuh County,11174
AL,Coosa County,10268
AL,Covington County,37952
AL,Crenshaw County,13101
AL,Cullman County,92016
AL,Dale County,49871
AL,Dallas County,36165
AL,DeKalb County,72569
AL,Elmore County,90441
AL,Escambia County,36558
AL,Etowah County,103241
AL,Fayette County,15967
AL,Franklin County,31802
AL,Geneva County,26988
AL,Greene County,7341
AL,Hale County,14888
AL,Henry County,17899
AL,Houston County,108462
AL,Jackson County,53467
AL,Jefferson County,662895
AL,Lamar County,13661
AL,Lauderdale County,96814
AL,Lawrence County,33502
AL,Lee County,183215
AL,Limestone County,114654
AL,Lowndes County,9717
AL,Macon County,18370
AL,Madison County,412600
AL,Marengo County,18684
AL,Marion County,29244
AL,Marshall County,100756
AL,Mobile County,411640
AL,Monroe County,19229
AL,Montgomery County,224980
AL,Morgan County,125133
AL,Perry County,7738
AL,Pickens County,18688
AL,Pike County,33137
AL,Randolph County,22786
AL,Russell County,58744
AL,Shelby County,233000
AL,St. Clair County,95552
AL,Sumter County,11727
AL,Talladega County,81132
AL,Tallapoosa County,40677
AL,Tuscaloosa County,237373
AL,Walker County,64728
AL,Washington County,15022
AL,Wilcox County,9944
AL,Winston County,23611
AR,Arkansas County,16307
AR,Ashley County,18262
AR,Baxter County,42875
AR,Benton County,311013
AR,Boone County,38530
AR,Bradley County,10104
AR,Calhoun County,4641
AR,Carroll County,28814
AR,Chicot County,9538
AR,Clark County,21274
AR,Clay County,14201
AR,Cleburne County,25445
AR,Cleveland County,7378
AR,Columbia County,22150
AR,Conway County,21077
AR,Craighead County,113993
AR,Crawford County,61891
AR,Crittenden County,47139
AR,Cross County,16420
AR,Dallas County,6185
AR,Desha County,10479
AR,Drew County,16945
AR,Faulkner County,129951
AR,Franklin County,17468
AR,Fulton County,12421
AR,Garland County,99784
AR,Grant County,18383
AR,Greene County,46743
AR,Hempstead County,19343
AR,Hot Spring County,33258
AR,Howard County,12533
AR,Independence County,38320
AR,Izard County,14169
AR,Jackson County,16784
AR,Jefferson County,63661
AR,Johnson County,26129
AR,Lafayette County,6095
AR,Lawrence County,16318
AR,Lee County,8201
AR,Lincoln County,12898
AR,Little River County,11805
AR,Logan County,21400
AR,Lonoke County,75944
AR,Madison County,17775
AR,Marion County,17514
AR,Miller County,42415
AR,Mississippi County,38663
AR,Monroe County,6512
AR,Montgomery County,8620
AR,Nevada County,8120
AR,Newton County,7071
AR,Ouachita County,21793
AR,Perry County,10184
AR,Phillips County,14961
AR,Pike County,10208
AR,Poinsett County,22397
AR,Polk County,19436
AR,Pope County,64593
AR,Prairie County,8036
AR,Pulaski County,400009
AR,Randolph County,18907
AR,Saline County,129574
AR,Scott County,9851
AR,Searcy County,7806
AR,Sebastian County,129098
AR,Sevier County,15632
AR,Sharp County,17968
AR,St. Francis County,22101
AR,Stone County,12671
AR,Union County,37397
AR,Van Buren County,16142
AR,Washington County,261549
AR,White County,78452
AR,Woodruff County,5964
AR,Yell County,20044
AZ,Apache County,65036
AZ,Cochise County,124640
AZ,Coconino County,144472
AZ,Gila County,54003
AZ,Graham County,39525
AZ,Greenlee County,9369
AZ,La Paz County,16710
AZ,Maricopa County,4585871
AZ,Mohave County,223682
AZ,Navajo County,109175
AZ,Pima County,1063162
AZ,Pinal County,484239
AZ,Santa Cruz County,49158
AZ,Yavapai County,249081
AZ,Yuma County,213221
CA,Alameda County,1622188
CA,Alpine County,1141
CA,Amador County,41811
CA,Butte County,207172
CA,Calaveras County,46565
CA,Colusa County,22037
CA,Contra Costa County,1155025
CA,Del Norte County,26589
CA,El Dorado County,192215
CA,Fresno County,1017162
CA,Glenn County,28129
CA,Humboldt County,133985
CA,Imperial County,179057
CA,Inyo County,18527
CA,Kern County,913820
CA,Kings County,152682
CA,Lake County,67878
CA,Lassen County,28861
CA,Los Angeles County,9663345
CA,Madera County,162858
CA,Marin County,254407
CA,Mariposa County,16919
CA,Mendocino County,89108
CA,Merced County,291920
CA,Modoc County,8500
CA,Mono County,13066
CA,Monterey County,430723
CA,Napa County,133216
CA,Nevada County,102037
CA,Orange County,3135755
CA,Placer County,423561
CA,Plumas County,19131
CA,Riverside County,2492442
CA,Sacramento County,1584288
CA,San Benito County,68175
CA,San Bernardino County,2195611
CA,San Diego County,3269973
CA,San Francisco County,808988
CA,San Joaquin County,800965
CA,San Luis Obispo County,281639
CA,San Mateo County,726353
CA,Santa Barbara County,441257
CA,Santa Clara County,1877592
CA,Santa Cruz County,261547
CA,Shasta County,180366
CA,Sierra County,3200
CA,Siskiyou County,42905
CA,Solano County,449218
CA,Sonoma County,481812
CA,Stanislaus County,551430
CA,Sutter County,97948
CA,Tehama County,64896
CA,Trinity County,15670
CA,Tulare County,479468
CA,Tuolumne County,54204
CA,Ventura County,829590
CA,Yolo County,220544
CA,Yuba County,85722
CO,Adams County,533365
CO,Alamosa County,16655
CO,Arapahoe County,656061
CO,Archuleta County,14189
CO,Baca County,3344
CO,Bent County,5681
CO,Boulder County,326831
CO,Broomfield County,76860
CO,Chaffee County,20617
CO,Cheyenne County,1727
CO,Clear Creek County,9147
CO,Conejos County,7521
CO,Costilla County,3628
CO,Crowley County,5636
CO,Custer County,5534
CO,Delta County,31746
CO,Denver County,716577
CO,Dolores County,2513
CO,Douglas County,383906
CO,Eagle County,54381
CO,El Paso County,744215
CO,Elbert County,28806
CO,Fremont County,50318
CO,Garfield County,62707
CO,Gilpin County,5926
CO,Grand County,15935
CO,Gunnison County,17321
CO,Hinsdale County,765
CO,Huerfano County,7055
CO,Jackson County,1309
CO,Jefferson County,576366
CO,Kiowa County,1384
CO,Kit Carson County,6994
CO,La Plata County,56407
CO,Lake County,7365
CO,Larimer County,370771
CO,Las Animas County,14348
CO,Lincoln County,5480
CO,Logan County,20619
CO,Mesa County,159681
CO,Mineral County,944
CO,Moffat County,13327
CO,Montezuma County,26531
CO,Montrose County,44156
CO,Morgan County,29524
CO,Otero County,18136
CO,Ouray County,5176
CO,Park County,18117
CO,Phillips County,4476
CO,Pitkin County,16640
CO,Prowers County,11751
CO,Pueblo County,169422
CO,Rio Blanco County,6569
CO,Rio Grande County,11188
CO,Routt County,25064
CO,Saguache County,6688
CO,San Juan County,802
CO,San Miguel County,7868
CO,Sedgwick County,2299
CO,Summit County,30465
CO,Teller County,24617
CO,Washington County,4855
CO,Weld County,359442
CO,Yuma County,9862
CT,Capitol Planning Region,975328
CT,Greater Bridgeport Planning Region,327651
CT,Lower Connecticut River Valley Planning Region,176215
CT,Naugatuck Valley Planning Region,456128
CT,Northeastern Connecticut Planning Region,96692
CT,Northwest Hills Planning Region,113463
CT,South Central Connecticut Planning Region,568158
CT,Southeastern Connecticut Planning Region,279634
CT,Western Connecticut Planning Region,623907
DC,District of Columbia,678972
DE,Kent County,189789
DE,New Castle County,578592
DE,Sussex County,263509
FL,Alachua County,285994
FL,Baker County,28368
FL,Bay County,190769
FL,Bradford County,27858
FL,Brevard County,643979
FL,Broward County,1962531
FL,Calhoun County,13470
FL,Charlotte County,206134
FL,Citrus County,166696
FL,Clay County,232439
FL,Collier County,404310
FL,Columbia County,73063
FL,DeSoto County,35979
FL,Dixie County,17465
FL,Duval County,1030822
FL,Escambia County,326928
FL,Flagler County,131439
FL,Franklin County,12594
FL,Gadsden County,43833
FL,Gilchrist County,19587
FL,Glades County,12786
FL,Gulf County,15693
FL,Hamilton County,13471
FL,Hardee County,25760
FL,Hendry County,43333
FL,Hernando County,212807
FL,Highlands County,107614
FL,Hillsborough County,1535564
FL,Holmes County,19944
FL,Indian River County,169795
FL,Jackson County,48622
FL,Jefferson County,15450
FL,Lafayette County,8078
FL,Lake County,424462
FL,Lee County,834573
FL,Leon County,296913
FL,Levy County,46545
FL,Liberty County,7706
FL,Madison County,18519
FL,Manatee County,441095
FL,Marion County,409959
FL,Martin County,163315
FL,Miami-Dade County,2686867
FL,Monroe County,80614
FL,Nassau County,101501
FL,Okaloosa County,218464
FL,Okeechobee County,41427
FL,Orange County,1471416
FL,Osceola County,437784
FL,Palm Beach County,1533801
FL,Pasco County,632996
FL,Pinellas County,961596
FL,Polk County,818330
FL,Putnam County,75955
FL,Santa Rosa County,203162
FL,Sarasota County,469013
FL,Seminole County,484271
FL,St. Johns County,320110
FL,St. Lucie County,373586
FL,Sumter County,151565
FL,Suwannee County,46130
FL,Taylor County,21582
FL,Union County,15532
FL,Volusia County,590357
FL,Wakulla County,36449
FL,Walton County,86354
FL,Washington County,25602
GA,Appling County,18457
GA,Atkinson County,8293
GA,Bacon County,11124
GA,Baker County,2743
GA,Baldwin County,43396
GA,Banks County,19789
GA,Barrow County,92792
GA,Bartow County,115041
GA,Ben Hill County,17128
GA,Berrien County,18570
GA,Bibb County,156512
GA,Bleckley County,12465
GA,Brantley County,18401
GA,Brooks County,16245
GA,Bryan County,49739
GA,Bulloch County,84327
GA,Burke County,24438
GA,Butts County,26887
GA,Calhoun County,5457
GA,Camden County,58118
GA,Candler County,11059
GA,Carroll County,127098
GA,Catoosa County,68910
GA,Charlton County,12934
GA,Chatham County,303655
GA,Chattahoochee County,8661
GA,Chattooga County,25222
GA,Cherokee County,286602
GA,Clarke County,129933
GA,Clay County,2853
GA,Clayton County,298300
GA,Clinch County,6746
GA,Cobb County,776743
GA,Coffee County,43317
GA,Colquitt County,46167
GA,Columbia County,165162
GA,Cook County,17714
GA,Coweta County,155892
GA,Crawford County,12277
GA,Crisp County,19631
GA,Dade County,16165
GA,Dawson County,31732
GA,DeKalb County,762992
GA,Decatur County,29087
GA,Dodge County,19776
GA,Dooly County,10981
GA,Dougherty County,82645
GA,Douglas County,149160
GA,Early County,10563
GA,Echols County,3709
GA,Effingham County,71541
GA,Elbert County,20013
GA,Emanuel County,23119
GA,Evans County,10754
GA,Fannin County,25955
GA,Fayette County,123351
GA,Floyd County,100113
GA,Forsyth County,272887
GA,Franklin County,24782
GA,Fulton County,1079105
GA,Gilmer County,32860
GA,Glascock County,2954
GA,Glynn County,86172
GA,Gordon County,59757
GA,Grady County,26066
GA,Greene County,20722
GA,Gwinnett County,983526
GA,Habersham County,48757
GA,Hall County,217267
GA,Hancock County,8676
GA,Haralson County,32038
GA,Harris County,36654
GA,Hart County,27556
GA,Heard County,12034
GA,Henry County,254613
GA,Houston County,171974
GA,Irwin County,9120
GA,Jackson County,88615
GA,Jasper County,16455
GA,Jeff Davis County,14906
GA,Jefferson County,15183
GA,Jenkins County,8627
GA,Johnson County,9282
GA,Jones County,28969
GA,Lamar County,20401
GA,Lanier County,10452
GA,Laurens County,49941
GA,Lee County,33872
GA,Liberty County,69210
GA,Lincoln County,7879
GA,Long County,19594
GA,Lowndes County,120712
GA,Lumpkin County,35258
GA,Macon County,11817
GA,Madison County,32191
GA,Marion County,7440
GA,McDuffie County,21799
GA,McIntosh County,11501
GA,Meriwether County,20931
GA,Miller County,5747
GA,Mitchell County,21114
GA,Monroe County,30625
GA,Montgomery County,8761
GA,Morgan County,21460
GA,Murray County,41035
GA,Muscogee County,201877
GA,Newton County,120135
GA,Oconee County,44182
GA,Oglethorpe County,15754
GA,Paulding County,183164
GA,Peach County,28805
GA,Pickens County,35969
GA,Pierce County,20425
GA,Pike County,20461
GA,Polk County,44223
GA,Pulaski County,10095
GA,Putnam County,23129
GA,Quitman County,2280
GA,Rabun County,17442
GA,Randolph County,6078
GA,Richmond County,205414
GA,Rockdale County,95987
GA,Schley County,4526
GA,Screven County,14174
GA,Seminole County,9092
GA,Spalding County,69946
GA,Stephens County,27228
GA,Stewart County,4674
GA,Sumter County,28890
GA,Talbot County,5718
GA,Taliaferro County,1609
GA,Tattnall County,24296
GA,Taylor County,7758
GA,Telfair County,10920
GA,Terrell County,8718
GA,Thomas County,45649
GA,Tift County,41554
GA,Toombs County,27040
GA,Towns County,13035
GA,Treutlen County,6341
GA,Troup County,70742
GA,Turner County,8909
GA,Twiggs County,7691
GA,Union County,27124
GA,Upson County,28263
GA,Walker County,69489
GA,Walton County,106702
GA,Ware County,36243
GA,Warren County,5106
GA,Washington County,19820
GA,Wayne County,31373
GA,Webster County,2337
GA,Wheeler County,7081
GA,White County,29026
GA,Whitfield County,103687
GA,Wilcox County,8779
GA,Wilkes County,9518
GA,Wilkinson County,8725
GA,Worth County,20273
HI,Hawaii County,207615
HI,Honolulu County,989408
HI,Kalawao County,81
HI,Kauai County,73851
HI,Maui County,164183
IA,Adair County,7389
IA,Adams County,3544
IA,Allamakee County,14074
IA,Appanoose County,12119
IA,Audubon County,5534
IA,Benton County,25796
IA,Black Hawk County,130471
IA,Boone County,26590
IA,Bremer County,25307
IA,Buchanan County,20691
IA,Buena Vista County,20567
IA,Butler County,14172
IA,Calhoun County,9763
IA,Carroll County,20522
IA,Cass County,13130
IA,Cedar County,18302
IA,Cerro Gordo County,42406
IA,Cherokee County,11605
IA,Chickasaw County,11658
IA,Clarke County,9588
IA,Clay County,16511
IA,Clayton County,16969
IA,Clinton County,46158
IA,Crawford County,16013
IA,Dallas County,111092
IA,Davis County,9169
IA,Decatur County,7665
IA,Delaware County,17600
IA,Des Moines County,38253
IA,Dickinson County,18056
IA,Dubuque County,98887
IA,Emmet County,9229
IA,Fayette County,19210
IA,Floyd County,15326
IA,Franklin County,9875
IA,Fremont County,6458
IA,Greene County,8584
IA,Grundy County,12384
IA,Guthrie County,10722
IA,Hamilton County,14729
IA,Hancock County,10615
IA,Hardin County,16463
IA,Harrison County,14670
IA,Henry County,19547
IA,Howard County,9376
IA,Humboldt County,9500
IA,Ida County,6833
IA,Iowa County,16381
IA,Jackson County,19342
IA,Jasper County,37919
IA,Jefferson County,15440
IA,Johnson County,157528
IA,Jones County,20900
IA,Keokuk County,9914
IA,Kossuth County,14396
IA,Lee County,32565
IA,Linn County,228972
IA,Louisa County,10513
IA,Lucas County,8747
IA,Lyon County,12324
IA,Madison County,16971
IA,Mahaska County,21874
IA,Marion County,33770
IA,Marshall County,40014
IA,Mills County,14633
IA,Mitchell County,10518
IA,Monona County,8493
IA,Monroe County,7504
IA,Montgomery County,10139
IA,Muscatine County,42218
IA,O'Brien County,14012
IA,Osceola County,5978
IA,Page County,15014
IA,Palo Alto County,8810
IA,Plymouth County,25722
IA,Pocahontas County,6976
IA,Polk County,505255
IA,Pottawattamie County,93179
IA,Poweshiek County,18453
IA,Ringgold County,4642
IA,Sac County,9686
IA,Scott County,174270
IA,Shelby County,11806
IA,Sioux County,36246
IA,Story County,98566
IA,Tama County,16833
IA,Taylor County,5924
IA,Union County,11906
IA,Van Buren County,7266
IA,Wapello County,35166
IA,Warren County,55205
IA,Washington County,22560
IA,Wayne County,6557
IA,Webster County,36485
IA,Winnebago County,10571
IA,Winneshiek County,19815
IA,Woodbury County,105951
IA,Worth County,7297
IA,Wright County,12656
ID,Ada County,524673
ID,Adams County,4903
ID,Bannock County,90400
ID,Bear Lake County,6766
ID,Benewah County,10369
ID,Bingham County,50395
ID,Blaine County,25041
ID,Boise County,8517
ID,Bonner County,52547
ID,Bonneville County,131366
ID,Boundary County,13557
ID,Butte County,2758
ID,Camas County,1232
ID,Canyon County,257674
ID,Caribou County,7219
ID,Cassia County,25696
ID,Clark County,801
ID,Clearwater County,9214
ID,Custer County,4523
ID,Elmore County,29724
ID,Franklin County,15494
ID,Fremont County,14196
ID,Gem County,21071
ID,Gooding County,16061
ID,Idaho County,17890
ID,Jefferson County,34198
ID,Jerome County,25479
ID,Kootenai County,185010
ID,Latah County,41301
ID,Lemhi County,8441
ID,Lewis County,3739
ID,Lincoln County,5450
ID,Madison County,54547
ID,Minidoka County,22480
ID,Nez Perce County,42987
ID,Oneida County,4953
ID,Owyhee County,12722
ID,Payette County,27279
ID,Power County,8253
ID,Shoshone County,14026
ID,Teton County,12549
ID,Twin Falls County,95156
ID,Valley County,12644
ID,Washington County,11425
IL,Adams County,64441
IL,Alexander County,4695
IL,Bond County,16450
IL,Boone County,53202
IL,Brown County,6294
IL,Bureau County,32729
IL,Calhoun County,4317
IL,Carroll County,15526
IL,Cass County,12596
IL,Champaign County,205644
IL,Christian County,33228
IL,Clark County,15088
IL,Clay County,12999
IL,Clinton County,36785
IL,Coles County,46060
IL,Cook County,5087072
IL,Crawford County,18300
IL,Cumberland County,10261
IL,De Witt County,15365
IL,DeKalb County,100288
IL,Douglas County,19629
IL,DuPage County,921213
IL,Edgar County,16334
IL,Edwards County,5968
IL,Effingham County,34331
IL,Fayette County,21164
IL,Ford County,13250
IL,Franklin County,37138
IL,Fulton County,32541
IL,Gallatin County,4670
IL,Greene County,11543
IL,Grundy County,53578
IL,Hamilton County,7911
IL,Hancock County,17186
IL,Hardin County,3569
IL,Henderson County,6088
IL,Henry County,48448
IL,Iroquois County,26136
IL,Jackson County,52141
IL,Jasper County,9144
IL,Jefferson County,36320
IL,Jersey County,21091
IL,Jo Daviess County,21756
IL,Johnson County,13326
IL,Kane County,514982
IL,Kankakee County,105940
IL,Kendall County,139976
IL,Knox County,48411
IL,LaSalle County,108309
IL,Lake County,708760
IL,Lawrence County,14813
IL,Lee County,33654
IL,Livingston County,35320
IL,Logan County,27590
IL,Macon County,100591
IL,Macoupin County,44018
IL,Madison County,262752
IL,Marion County,36673
IL,Marshall County,11683
IL,Mason County,12523
IL,Massac County,13661
IL,McDonough County,26839
IL,McHenry County,312800
IL,McLean County,170441
IL,Menard County,11954
IL,Mercer County,15487
IL,Monroe County,34957
IL,Montgomery County,27663
IL,Morgan County,32140
IL,Moultrie County,14342
IL,Ogle County,51265
IL,Peoria County,177513
IL,Perry County,20503
IL,Piatt County,16714
IL,Pike County,14342
IL,Pope County,3707
IL,Pulaski County,4911
IL,Putnam County,5561
IL,Randolph County,29815
IL,Richland County,15488
IL,Rock Island County,141236
IL,Saline County,22873
IL,Sangamon County,193491
IL,Schuyler County,6733
IL,Scott County,4710
IL,Shelby County,20568
IL,St. Clair County,251018
IL,Stark County,5218
IL,Stephenson County,43105
IL,Tazewell County,129541
IL,Union County,16667
IL,Vermilion County,71652
IL,Wabash County,10942
IL,Warren County,16185
IL,Washington County,13536
IL,Wayne County,15761
IL,White County,13401
IL,Whiteside County,54498
IL,Will County,700728
IL,Williamson County,66706
IL,Winnebago County,280922
IL,Woodford County,38285
IN,Adams County,36288
IN,Allen County,394545
IN,Bartholomew County,84003
IN,Benton County,8729
IN,Blackford County,11893
IN,Boone County,76120
IN,Brown County,15653
IN,Carroll County,20525
IN,Cass County,37666
IN,Clark County,125467
IN,Clay County,26460
IN,Clinton County,32730
IN,Crawford County,10438
IN,Daviess County,33656
IN,DeKalb County,44198
IN,Dearborn County,51215
IN,Decatur County,26399
IN,Delaware County,112321
IN,Dubois County,43546
IN,Elkhart County,206409
IN,Fayette County,23362
IN,Floyd County,80809
IN,Fountain County,16731
IN,Franklin County,23096
IN,Fulton County,20358
IN,Gibson County,32904
IN,Grant County,66200
IN,Greene County,31196
IN,Hamilton County,371645
IN,Hancock County,86166
IN,Harrison County,40006
IN,Hendricks County,186387
IN,Henry County,48929
IN,Howard County,83831
IN,Huntington County,36781
IN,Jackson County,46460
IN,Jasper County,33535
IN,Jay County,20032
IN,Jefferson County,33056
IN,Jennings County,27622
IN,Johnson County,167819
IN,Knox County,36070
IN,Kosciusko County,80364
IN,LaGrange County,40907
IN,LaPorte County,111706
IN,Lake County,500598
IN,Lawrence County,45084
IN,Madison County,132504
IN,Marion County,968460
IN,Marshall County,46352
IN,Martin County,9897
IN,Miami County,35402
IN,Monroe County,139342
IN,Montgomery County,38573
IN,Morgan County,73227
IN,Newton County,13960
IN,Noble County,47430
IN,Ohio County,6004
IN,Orange County,19638
IN,Owen County,21532
IN,Parke County,16484
IN,Perry County,19209
IN,Pike County,12106
IN,Porter County,175335
IN,Posey County,25040
IN,Pulaski County,12385
IN,Putnam County,37567
IN,Randolph County,24216
IN,Ripley County,29227
IN,Rush County,16847
IN,Scott County,24657
IN,Shelby County,45231
IN,Spencer County,19910
IN,St. Joseph County,272848
IN,Starke County,23206
IN,Steuben County,34917
IN,Sullivan County,20757
IN,Switzerland County,10019
IN,Tippecanoe County,188792
IN,Tipton County,15256
IN,Union County,6973
IN,Vanderburgh County,179810
IN,Vermillion County,15417
IN,Vigo County,106153
IN,Wabash County,30670
IN,Warren County,8518
IN,Warrick County,65867
IN,Washington County,28205
IN,Wayne County,66127
IN,Wells County,28555
IN,White County,24917
IN,Whitley County,34742
KS,Allen County,12412
KS,Anderson County,7838
KS,Atchison County,16016
KS,Barber County,4071
KS,Barton County,24899
KS,Bourbon County,14408
KS,Brown County,9250
KS,Butler County,68632
KS,Chase County,2579
KS,Chautauqua County,3347
KS,Cherokee County,19054
KS,Cheyenne County,2636
KS,Clark County,1847
KS,Clay County,8007
KS,Cloud County,8854
KS,Coffey County,8251
KS,Comanche County,1655
KS,Cowley County,34157
KS,Crawford County,38764
KS,Decatur County,2712
KS,Dickinson County,18445
KS,Doniphan County,7493
KS,Douglas County,120553
KS,Edwards County,2733
KS,Elk County,2467
KS,Ellis County,28810
KS,Ellsworth County,6357
KS,Finney County,37466
KS,Ford County,33980
KS,Franklin County,26125
KS,Geary County,35047
KS,Gove County,2735
KS,Graham County,2376
KS,Grant County,7147
KS,Gray County,5743
KS,Greeley County,1181
KS,Greenwood County,5870
KS,Hamilton County,2437
KS,Harper County,5435
KS,Harvey County,33504
KS,Haskell County,3630
KS,Hodgeman County,1655
KS,Jackson County,13368
KS,Jefferson County,18327
KS,Jewell County,2847
KS,Johnson County,622237
KS,Kearny County,3823
KS,Kingman County,7066
KS,Kiowa County,2374
KS,Labette County,19728
KS,Lane County,1529
KS,Leavenworth County,83518
KS,Lincoln County,2920
KS,Linn County,9860
KS,Logan County,2665
KS,Lyon County,32172
KS,Marion County,11690
KS,Marshall County,9933
KS,McPherson County,30091
KS,Meade County,3911
KS,Miami County,35320
KS,Mitchell County,5719
KS,Montgomery County,30568
KS,Morris County,5334
KS,Morton County,2580
KS,Nemaha County,10114
KS,Neosho County,15420
KS,Ness County,2618
KS,Norton County,5330
KS,Osage County,15824
KS,Osborne County,3427
KS,Ottawa County,5818
KS,Pawnee County,6126
KS,Phillips County,4761
KS,Pottawatomie County,26382
KS,Pratt County,9082
KS,Rawlins County,2463
KS,Reno County,61497
KS,Republic County,4627
KS,Rice County,9260
KS,Riley County,71402
KS,Rooks County,4778
KS,Rush County,2830
KS,Russell County,6723
KS,Saline County,53098
KS,Scott County,4922
KS,Sedgwick County,528469
KS,Seward County,21067
KS,Shawnee County,177746
KS,Sheridan County,2423
KS,Sherman County,5844
KS,Smith County,3590
KS,Stafford County,3909
KS,Stanton County,1901
KS,Stevens County,5077
KS,Sumner County,22334
KS,Thomas County,7865
KS,Trego County,2731
KS,Wabaunsee County,7057
KS,Wallace County,1509
KS,Washington County,5504
KS,Wichita County,2082
KS,Wilson County,8382
KS,Woodson County,3115
KS,Wyandotte County,165281
KY,Adair County,19264
KY,Allen County,21788
KY,Anderson County,24613
KY,Ballard County,7582
KY,Barren County,45008
KY,Bath County,12975
KY,Bell County,23317
KY,Boone County,140496
KY,Bourbon County,20134
KY,Boyd County,47826
KY,Boyle County,30988
KY,Bracken County,8426
KY,Breathitt County,12953
KY,Breckinridge County,21124
KY,Bullitt County,84863
KY,Butler County,12375
KY,Caldwell County,12551
KY,Calloway County,38280
KY,Campbell County,93702
KY,Carlisle County,4704
KY,Carroll County,10987
KY,Carter County,26366
KY,Casey County,15918
KY,Christian County,72032
KY,Clark County,37304
KY,Clay County,19648
KY,Clinton County,9148
KY,Crittenden County,8974
KY,Cumberland County,6000
KY,Daviess County,103458
KY,Edmonson County,12448
KY,Elliott County,7245
KY,Estill County,13936
KY,Fayette County,320154
KY,Fleming County,15442
KY,Floyd County,34423
KY,Franklin County,51644
KY,Fulton County,6338
KY,Gallatin County,8792
KY,Garrard County,17829
KY,Grant County,25619
KY,Graves County,36461
KY,Grayson County,26825
KY,Green County,11468
KY,Greenup County,35221
KY,Hancock County,8920
KY,Hardin County,112273
KY,Harlan County,25324
KY,Harrison County,19415
KY,Hart County,19724
KY,Henderson County,44119
KY,Henry County,15973
KY,Hickman County,4447
KY,Hopkins County,44929
KY,Jackson County,13104
KY,Jefferson County,772144
KY,Jessamine County,55017
KY,Johnson County,22116
KY,Kenton County,171321
KY,Knott County,13659
KY,Knox County,29794
KY,Larue County,15303
KY,Laurel County,63296
KY,Lawrence County,16000
KY,Lee County,7293
KY,Leslie County,9864
KY,Letcher County,20423
KY,Lewis County,12973
KY,Lincoln County,24776
KY,Livingston County,8892
KY,Logan County,28283
KY,Lyon County,9187
KY,Madison County,96735
KY,Magoffin County,11228
KY,Marion County,19834
KY,Marshall County,31744
KY,Martin County,10928
KY,Mason County,16841
KY,McCracken County,67428
KY,McCreary County,17050
KY,McLean County,9054
KY,Meade County,30131
KY,Menifee County,6286
KY,Mercer County,23097
KY,Metcalfe County,10482
KY,Monroe County,11306
KY,Montgomery County,28527
KY,Morgan County,14283
KY,Muhlenberg County,30568
KY,Nelson County,47730
KY,Nicholas County,7686
KY,Ohio County,23626
KY,Oldham County,70183
KY,Owen County,11313
KY,Owsley County,4001
KY,Pendleton County,14810
KY,Perry County,27133
KY,Pike County,55973
KY,Powell County,12972
KY,Pulaski County,66191
KY,Robertson County,2313
KY,Rockcastle County,16190
KY,Rowan County,24409
KY,Russell County,18279
KY,Scott County,60168
KY,Shelby County,49515
KY,Simpson County,20195
KY,Spencer County,20531
KY,Taylor County,26443
KY,Todd County,12494
KY,Trigg County,14369
KY,Trimble County,8607
KY,Union County,13106
KY,Warren County,142229
KY,Washington County,12267
KY,Wayne County,19580
KY,Webster County,12726
KY,Whitley County,36825
KY,Wolfe County,6282
KY,Woodford County,27268
LA,Acadia Parish,56489
LA,Allen Parish,22112
LA,Ascension Parish,131632
LA,Assumption Parish,20160
LA,Avoyelles Parish,38408
LA,Beauregard Parish,36827
LA,Bienville Parish,12366
LA,Bossier Parish,129795
LA,Caddo Parish,226386
LA,Calcasieu Parish,203761
LA,Caldwell Parish,9389
LA,Cameron Parish,4768
LA,Catahoula Parish,8414
LA,Claiborne Parish,13670
LA,Concordia Parish,17688
LA,De Soto Parish,27114
LA,East Baton Rouge Parish,448467
LA,East Carroll Parish,6829
LA,East Feliciana Parish,19229
LA,Evangeline Parish,31754
LA,Franklin Parish,19285
LA,Grant Parish,21911
LA,Iberia Parish,67659
LA,Iberville Parish,29617
LA,Jackson Parish,14746
LA,Jefferson Davis Parish,31553
LA,Jefferson Parish,421777
LA,LaSalle Parish,14800
LA,Lafayette Parish,249750
LA,Lafourche Parish,95056
LA,Lincoln Parish,47962
LA,Livingston Parish,150145
LA,Madison Parish,9246
LA,Morehouse Parish,23955
LA,Natchitoches Parish,36291
LA,Orleans Parish,364136
LA,Ouachita Parish,157568
LA,Plaquemines Parish,22386
LA,Pointe Coupee Parish,20000
LA,Rapides Parish,126260
LA,Red River Parish,7356
LA,Richland Parish,19712
LA,Sabine Parish,21906
LA,St. Bernard Parish,44463
LA,St. Charles Parish,50620
LA,St. Helena Parish,10774
LA,St. James Parish,19191
LA,St. John the Baptist Parish,39592
LA,St. Landry Parish,81464
LA,St. Martin Parish,51057
LA,St. Mary Parish,47055
LA,St. Tammany Parish,275583
LA,Tangipahoa Parish,138064
LA,Tensas Parish,3764
LA,Terrebonne Parish,103616
LA,Union Parish,20650
LA,Vermilion Parish,56992
LA,Vernon Parish,46250
LA,Washington Parish,44865
LA,Webster Parish,35238
LA,West Baton Rouge Parish,28266
LA,West Carroll Parish,9323
LA,West Feliciana Parish,15371
LA,Winn Parish,13216
MA,Barnstable County,231735
MA,Berkshire County,126818
MA,Bristol County,581841
MA,Dukes County,20819
MA,Essex County,810089
MA,Franklin County,70836
MA,Hampden County,460291
MA,Hampshire County,162502
MA,Middlesex County,1623952
MA,Nantucket County,14444
MA,Norfolk County,727473
MA,Plymouth County,535308
MA,Suffolk County,768425
MA,Worcester County,866866
MD,Allegany County,67273
MD,Anne Arundel County,594582
MD,Baltimore County,844703
MD,Baltimore city,565239
MD,Calvert County,94728
MD,Caroline County,33593
MD,Carroll County,176639
MD,Cecil County,105672
MD,Charles County,171973
MD,Dorchester County,32879
MD,Frederick County,293391
MD,Garrett County,28423
MD,Harford County,264644
MD,Howard County,336001
MD,Kent County,19303
MD,Montgomery County,1058474
MD,Prince George's County,947430
MD,Queen Anne's County,52508
MD,Somerset County,24910
MD,St. Mary's County,115281
MD,Talbot County,37823
MD,Washington County,155813
MD,Wicomico County,104800
MD,Worcester County,54171
ME,Androscoggin County,113765
ME,Aroostook County,67351
ME,Cumberland County,310230
ME,Franklin County,30828
ME,Hancock County,56526
ME,Kennebec County,127259
ME,Knox County,40977
ME,Lincoln County,36507
ME,Oxford County,59905
ME,Penobscot County,155312
ME,Piscataquis County,17486
ME,Sagadahoc County,37513
ME,Somerset County,51302
ME,Waldo County,40620
ME,Washington County,31555
ME,York County,218586
MI,Alcona County,10489
MI,Alger County,8757
MI,Allegan County,121939
MI,Alpena County,28904
MI,Antrim County,24409
MI,Arenac County,15145
MI,Baraga County,8310
MI,Barry County,63808
MI,Bay County,102500
MI,Benzie County,18441
MI,Berrien County,152261
MI,Branch County,45215
MI,Calhoun County,133366
MI,Cass County,51642
MI,Charlevoix County,26159
MI,Cheboygan County,26048
MI,Chippewa County,36264
MI,Clare County,31316
MI,Clinton County,79720
MI,Crawford County,13538
MI,Delta County,36790
MI,Dickinson County,25982
MI,Eaton County,108820
MI,Emmet County,34123
MI,Genesee County,401522
MI,Gladwin County,25853
MI,Gogebic County,14224
MI,Grand Traverse County,96421
MI,Gratiot County,41368
MI,Hillsdale County,45587
MI,Houghton County,37599
MI,Huron County,30927
MI,Ingham County,284637
MI,Ionia County,66262
MI,Iosco County,25373
MI,Iron County,11740
MI,Isabella County,64118
MI,Jackson County,159424
MI,Kalamazoo County,262215
MI,Kalkaska County,18490
MI,Kent County,661354
MI,Keweenaw County,2172
MI,Lake County,12734
MI,Lapeer County,88977
MI,Leelanau County,23019
MI,Lenawee County,97520
MI,Livingston County,196757
MI,Luce County,6435
MI,Mackinac County,10851
MI,Macomb County,875101
MI,Manistee County,25562
MI,Marquette County,66999
MI,Mason County,29159
MI,Mecosta County,41099
MI,Menominee County,22945
MI,Midland County,84039
MI,Missaukee County,15311
MI,Monroe County,155045
MI,Montcalm County,68154
MI,Montmorency County,9678
MI,Muskegon County,176564
MI,Newaygo County,51108
MI,Oakland County,1270426
MI,Oceana County,26981
MI,Ogemaw County,20990
MI,Ontonagon County,5906
MI,Osceola County,23330
MI,Oscoda County,8545
MI,Otsego County,25747
MI,Ottawa County,303372
MI,Presque Isle County,13285
MI,Roscommon County,23863
MI,Saginaw County,187782
MI,Sanilac County,40368
MI,Schoolcraft County,8149
MI,Shiawassee County,68025
MI,St. Clair County,159874
MI,St. Joseph County,60878
MI,Tuscola County,52826
MI,Van Buren County,75798
MI,Washtenaw County,365536
MI,Wayne County,1751169
MI,Wexford County,34122
MN,Aitkin County,16102
MN,Anoka County,372441
MN,Becker County,35283
MN,Beltrami County,46718
MN,Benton County,41600
MN,Big Stone County,5105
MN,Blue Earth County,70006
MN,Brown County,25628
MN,Carlton County,36825
MN,Carver County,111057
MN,Cass County,31446
MN,Chippewa County,12172
MN,Chisago County,58535
MN,Clay County,66258
MN,Clearwater County,8644
MN,Cook County,5639
MN,Cottonwood County,11319
MN,Crow Wing County,68304
MN,Dakota County,447440
MN,Dodge County,21088
MN,Douglas County,39953
MN,Faribault County,13873
MN,Fillmore County,21522
MN,Freeborn County,30515
MN,Goodhue County,48035
MN,Grant County,6139
MN,Hennepin County,1258713
MN,Houston County,18582
MN,Hubbard County,22132
MN,Isanti County,43182
MN,Itasca County,45365
MN,Jackson County,9919
MN,Kanabec County,16602
MN,Kandiyohi County,43813
MN,Kittson County,4060
MN,Koochiching County,11751
MN,Lac qui Parle County,6630
MN,Lake County,10855
MN,Lake of the Woods County,3778
MN,Le Sueur County,29255
MN,Lincoln County,5521
MN,Lyon County,25427
MN,Mahnomen County,5280
MN,Marshall County,8810
MN,Martin County,19657
MN,McLeod County,36785
MN,Meeker County,23490
MN,Mille Lacs County,27427
MN,Morrison County,34250
MN,Mower County,40058
MN,Murray County,8049
MN,Nicollet County,34242
MN,Nobles County,21727
MN,Norman County,6329
MN,Olmsted County,164784
MN,Otter Tail County,60626
MN,Pennington County,13714
MN,Pine County,30197
MN,Pipestone County,9245
MN,Polk County,30412
MN,Pope County,11400
MN,Ramsey County,536075
MN,Red Lake County,3911
MN,Redwood County,15288
MN,Renville County,14348
MN,Rice County,67948
MN,Rock County,9551
MN,Roseau County,15252
MN,Scott County,155814
MN,Sherburne County,102206
MN,Sibley County,15084
MN,St. Louis County,200514
MN,Stearns County,160977
MN,Steele County,37421
MN,Stevens County,9728
MN,Swift County,9719
MN,Todd County,25667
MN,Traverse County,3136
MN,Wabasha County,21683
MN,Wadena County,14241
MN,Waseca County,18981
MN,Washington County,278936
MN,Watonwan County,11077
MN,Wilkin County,6306
MN,Winona County,49721
MN,Wright County,151150
MN,Yellow Medicine County,9467
MO,Adair County,25122
MO,Andrew County,18127
MO,Atchison County,5107
MO,Audrain County,24394
MO,Barry County,35265
MO,Barton County,11731
MO,Bates County,16242
MO,Benton County,20552
MO,Bollinger County,10544
MO,Boone County,189463
MO,Buchanan County,82956
MO,Butler County,41948
MO,Caldwell County,8955
MO,Callaway County,44731
MO,Camden County,44044
MO,Cape Girardeau County,82984
MO,Carroll County,8391
MO,Carter County,5303
MO,Cass County,111732
MO,Cedar County,14672
MO,Chariton County,7399
MO,Christian County,94422
MO,Clark County,6641
MO,Clay County,259772
MO,Clinton County,21548
MO,Cole County,77278
MO,Cooper County,16947
MO,Crawford County,22719
MO,Dade County,7716
MO,Dallas County,17768
MO,Daviess County,8551
MO,DeKalb County,9899
MO,Dent County,14647
MO,Douglas County,12228
MO,Dunklin County,27032
MO,Franklin County,106404
MO,Gasconade County,14705
MO,Gentry County,6287
MO,Greene County,304611
MO,Grundy County,9815
MO,Harrison County,8220
MO,Henry County,22485
MO,Hickory County,8718
MO,Holt County,4248
MO,Howard County,10101
MO,Howell County,40735
MO,Iron County,9440
MO,Jackson County,718560
MO,Jasper County,125056
MO,Jefferson County,231230
MO,Johnson County,54962
MO,Knox County,3723
MO,Laclede County,36680
MO,Lafayette County,33196
MO,Lawrence County,38872
MO,Lewis County,9818
MO,Lincoln County,64699
MO,Linn County,11791
MO,Livingston County,14557
MO,Macon County,15161
MO,Madison County,12698
MO,Maries County,8430
MO,Marion County,28336
MO,McDonald County,23903
MO,Mercer County,3469
MO,Miller County,25590
MO,Mississippi County,11822
MO,Moniteau County,15256
MO,Monroe County,8698
MO,Montgomery County,11459
MO,Morgan County,21970
MO,New Madrid County,15424
MO,Newton County,60677
MO,Nodaway County,20695
MO,Oregon County,8720
MO,Osage County,13468
MO,Ozark County,8970
MO,Pemiscot County,14613
MO,Perry County,18950
MO,Pettis County,43530
MO,Phelps County,45284
MO,Pike County,17935
MO,Platte County,111940
MO,Polk County,32780
MO,Pulaski County,53812
MO,Putnam County,4638
MO,Ralls County,10489
MO,Randolph County,24109
MO,Ray County,23182
MO,Reynolds County,5950
MO,Ripley County,10806
MO,Saline County,23049
MO,Schuyler County,4053
MO,Scotland County,4676
MO,Scott County,37889
MO,Shannon County,7238
MO,Shelby County,5931
MO,St. Charles County,416659
MO,St. Clair County,9752
MO,St. Francois County,67058
MO,St. Louis County,987059
MO,St. Louis city,281754
MO,Ste. Genevieve County,18642
MO,Stoddard County,28397
MO,Stone County,32658
MO,Sullivan County,5797
MO,Taney County,56775
MO,Texas County,25619
MO,Vernon County,19710
MO,Warren County,37806
MO,Washington County,23534
MO,Wayne County,10811
MO,Webster County,41472
MO,Worth County,1907
MO,Wright County,19403
MS,Adams County,28746
MS,Alcorn County,34135
MS,Amite County,12442
MS,Attala County,17359
MS,Benton County,7438
MS,Bolivar County,28968
MS,Calhoun County,12685
MS,Carroll County,9535
MS,Chickasaw County,16866
MS,Choctaw County,8088
MS,Claiborne County,8617
MS,Clarke County,15228
MS,Clay County,18206
MS,Coahoma County,20077
MS,Copiah County,27664
MS,Covington County,18059
MS,DeSoto County,193247
MS,Forrest County,78208
MS,Franklin County,7610
MS,George County,25619
MS,Greene County,13601
MS,Grenada County,21065
MS,Hancock County,46159
MS,Harrison County,210612
MS,Hinds County,214870
MS,Holmes County,15777
MS,Humphreys County,7216
MS,Issaquena County,1256
MS,Itawamba County,24093
MS,Jackson County,146389
MS,Jasper County,16013
MS,Jefferson County,6941
MS,Jefferson Davis County,10969
MS,Jones County,66250
MS,Kemper County,8584
MS,Lafayette County,58467
MS,Lamar County,66217
MS,Lauderdale County,70527
MS,Lawrence County,11741
MS,Leake County,21258
MS,Lee County,82799
MS,Leflore County,26378
MS,Lincoln County,34702
MS,Lowndes County,57283
MS,Madison County,112511
MS,Marion County,24224
MS,Marshall County,34123
MS,Monroe County,33609
MS,Montgomery County,9600
MS,Neshoba County,28789
MS,Newton County,21019
MS,Noxubee County,9914
MS,Oktibbeha County,51203
MS,Panola County,32669
MS,Pearl River County,57978
MS,Perry County,11315
MS,Pike County,39394
MS,Pontotoc County,31535
MS,Prentiss County,25135
MS,Quitman County,5546
MS,Rankin County,160417
MS,Scott County,27507
MS,Sharkey County,3336
MS,Simpson County,25715
MS,Smith County,14099
MS,Stone County,18756
MS,Sunflower County,24468
MS,Tallahatchie County,11837
MS,Tate County,28261
MS,Tippah County,21287
MS,Tishomingo County,18507
MS,Tunica County,9234
MS,Union County,28284
MS,Walthall County,13863
MS,Warren County,42298
MS,Washington County,41946
MS,Wayne County,19703
MS,Webster County,9988
MS,Wilkinson County,8058
MS,Winston County,17416
MS,Yalobusha County,12386
MS,Yazoo County,25796
MT,Beaverhead County,9885
MT,Big Horn County,12751
MT,Blaine County,6899
MT,Broadwater County,8032
MT,Carbon County,11419
MT,Carter County,1418
MT,Cascade County,84900
MT,Chouteau County,5847
MT,Custer County,11985
MT,Daniels County,1633
MT,Dawson County,8810
MT,Deer Lodge County,9673
MT,Fallon County,2994
MT,Fergus County,11772
MT,Flathead County,113679
MT,Gallatin County,126409
MT,Garfield County,1211
MT,Glacier County,13609
MT,Golden Valley County,835
MT,Granite County,3595
MT,Hill County,16276
MT,Jefferson County,13048
MT,Judith Basin County,2093
MT,Lake County,33338
MT,Lewis and Clark County,75011
MT,Liberty County,1974
MT,Lincoln County,21895
MT,Madison County,9521
MT,McCone County,1676
MT,Meagher County,2071
MT,Mineral County,5090
MT,Missoula County,121849
MT,Musselshell County,5308
MT,Park County,17903
MT,Petroleum County,554
MT,Phillips County,4249
MT,Pondera County,6125
MT,Powder River County,1743
MT,Powell County,7133
MT,Prairie County,1112
MT,Ravalli County,47738
MT,Richland County,11173
MT,Roosevelt County,10319
MT,Rosebud County,8160
MT,Sanders County,13684
MT,Sheridan County,3498
MT,Silver Bow County,36360
MT,Stillwater County,9173
MT,Sweet Grass County,3763
MT,Teton County,6430
MT,Toole County,5133
MT,Treasure County,772
MT,Valley County,7474
MT,Wheatland County,2057
MT,Wibaux County,910
MT,Yellowstone County,170843
NC,Alamance County,179165
NC,Alexander County,36473
NC,Alleghany County,11342
NC,Anson County,21897
NC,Ashe County,27063
NC,Avery County,17561
NC,Beaufort County,44481
NC,Bertie County,16922
NC,Bladen County,29484
NC,Brunswick County,159964
NC,Buncombe County,275901
NC,Burke County,88338
NC,Cabarrus County,240016
NC,Caldwell County,80574
NC,Camden County,11137
NC,Carteret County,69615
NC,Caswell County,22807
NC,Catawba County,164645
NC,Chatham County,81624
NC,Cherokee County,29959
NC,Chowan County,13891
NC,Clay County,11864
NC,Cleveland County,101378
NC,Columbus County,50121
NC,Craven County,102391
NC,Cumberland County,337890
NC,Currituck County,31593
NC,Dare County,38110
NC,Davidson County,174804
NC,Davie County,44599
NC,Duplin County,49520
NC,Durham County,336892
NC,Edgecombe County,48832
NC,Forsyth County,392921
NC,Franklin County,77001
NC,Gaston County,237242
NC,Gates County,10343
NC,Graham County,8052
NC,Granville County,62192
NC,Greene County,20530
NC,Guilford County,549866
NC,Halifax County,47298
NC,Harnett County,141477
NC,Haywood County,62969
NC,Henderson County,119230
NC,Hertford County,19453
NC,Hoke County,54446
NC,Hyde County,4607
NC,Iredell County,199710
NC,Jackson County,44574
NC,Johnston County,241955
NC,Jones County,9401
NC,Lee County,67059
NC,Lenoir County,54895
NC,Lincoln County,95675
NC,Macon County,38412
NC,Madison County,22071
NC,Martin County,21447
NC,McDowell County,44893
NC,Mecklenburg County,1163701
NC,Mitchell County,14999
NC,Montgomery County,26085
NC,Moore County,106898
NC,Nash County,96551
NC,New Hanover County,238852
NC,Northampton County,16715
NC,Onslow County,213676
NC,Orange County,150626
NC,Pamlico County,12423
NC,Pasquotank County,41444
NC,Pender County,68521
NC,Perquimans County,13377
NC,Person County,39737
NC,Pitt County,175119
NC,Polk County,20060
NC,Randolph County,147458
NC,Richmond County,42324
NC,Robeson County,117365
NC,Rockingham County,92518
NC,Rowan County,151661
NC,Rutherford County,65507
NC,Sampson County,59601
NC,Scotland County,34376
NC,Stanly County,65699
NC,Stokes County,45532
NC,Surry County,71462
NC,Swain County,13916
NC,Transylvania County,33549
NC,Tyrrell County,3461
NC,Union County,256452
NC,Vance County,42301
NC,Wake County,1190275
NC,Warren County,18836
NC,Washington County,10713
NC,Watauga County,54748
NC,Wayne County,118686
NC,Wilkes County,66013
NC,Wilson County,78970
NC,Yadkin County,37774
NC,Yancey County,18938
ND,Adams County,2163
ND,Barnes County,10726
ND,Benson County,5745
ND,Billings County,1034
ND,Bottineau County,6349
ND,Bowman County,2867
ND,Burke County,2134
ND,Burleigh County,100012
ND,Cass County,196362
ND,Cavalier County,3596
ND,Dickey County,4900
ND,Divide County,2135
ND,Dunn County,4019
ND,Eddy County,2263
ND,Emmons County,3224
ND,Foster County,3309
ND,Golden Valley County,1743
ND,Grand Forks County,72708
ND,Grant County,2215
ND,Griggs County,2248
ND,Hettinger County,2415
ND,Kidder County,2342
ND,LaMoure County,4096
ND,Logan County,1869
ND,McHenry County,5131
ND,McIntosh County,2488
ND,McKenzie County,14252
ND,McLean County,9832
ND,Mercer County,8309
ND,Morton County,33895
ND,Mountrail County,9383
ND,Nelson County,2991
ND,Oliver County,1879
ND,Pembina County,6661
ND,Pierce County,3902
ND,Ramsey County,11463
ND,Ransom County,5603
ND,Renville County,2279
ND,Richland County,16558
ND,Rolette County,11728
ND,Sargent County,3776
ND,Sheridan County,1266
ND,Sioux County,3643
ND,Slope County,674
ND,Stark County,33001
ND,Steele County,1782
ND,Stutsman County,21392
ND,Towner County,2030
ND,Traill County,7908
ND,Walsh County,10305
ND,Ward County,68332
ND,Wells County,3876
ND,Williams County,39113
NE,Adams County,30899
NE,Antelope County,6302
NE,Arthur County,412
NE,Banner County,674
NE,Blaine County,436
NE,Boone County,5310
NE,Box Butte County,10692
NE,Boyd County,1725
NE,Brown County,2853
NE,Buffalo County,50697
NE,Burt County,6727
NE,Butler County,8459
NE,Cass County,27446
NE,Cedar County,8262
NE,Chase County,3724
NE,Cherry County,5492
NE,Cheyenne County,9541
NE,Clay County,6116
NE,Colfax County,10566
NE,Cuming County,8918
NE,Custer County,10581
NE,Dakota County,21268
NE,Dawes County,8133
NE,Dawson County,24085
NE,Deuel County,1871
NE,Dixon County,5491
NE,Dodge County,37187
NE,Douglas County,589540
NE,Dundy County,1561
NE,Fillmore County,5548
NE,Franklin County,2825
NE,Frontier County,2585
NE,Furnas County,4556
NE,Gage County,21634
NE,Garden County,1794
NE,Garfield County,1763
NE,Gosper County,1847
NE,Grant County,565
NE,Greeley County,2219
NE,Hall County,62197
NE,Hamilton County,9537
NE,Harlan County,3045
NE,Hayes County,846
NE,Hitchcock County,2552
NE,Holt County,10093
NE,Hooker County,679
NE,Howard County,6527
NE,Jefferson County,7054
NE,Johnson County,5198
NE,Kearney County,6770
NE,Keith County,8113
NE,Keya Paha County,805
NE,Kimball County,3289
NE,Knox County,8298
NE,Lancaster County,326716
NE,Lincoln County,33365
NE,Logan County,655
NE,Loup County,592
NE,Madison County,35627
NE,McPherson County,383
NE,Merrick County,7755
NE,Morrill County,4504
NE,Nance County,3274
NE,Nemaha County,7076
NE,Nuckolls County,4095
NE,Otoe County,16335
NE,Pawnee County,2512
NE,Perkins County,2795
NE,Phelps County,9057
NE,Pierce County,7299
NE,Platte County,34609
NE,Polk County,5228
NE,Red Willow County,10457
NE,Richardson County,7689
NE,Rock County,1271
NE,Saline County,14555
NE,Sarpy County,199886
NE,Saunders County,23463
NE,Scotts Bluff County,35699
NE,Seward County,17671
NE,Sheridan County,4928
NE,Sherman County,2983
NE,Sioux County,1154
NE,Stanton County,5856
NE,Thayer County,4829
NE,Thomas County,677
NE,Thurston County,6557
NE,Valley County,4012
NE,Washington County,21152
NE,Wayne County,9874
NE,Webster County,3351
NE,Wheeler County,775
NE,York County,14356
NH,Belknap County,65027
NH,Carroll County,52448
NH,Cheshire County,77703
NH,Coos County,31372
NH,Grafton County,93146
NH,Hillsborough County,427354
NH,Merrimack County,157103
NH,Rockingham County,320689
NH,Strafford County,133243
NH,Sullivan County,43969
NJ,Atlantic County,275213
NJ,Bergen County,957736
NJ,Burlington County,469167
NJ,Camden County,527196
NJ,Cape May County,94610
NJ,Cumberland County,152326
NJ,Essex County,851117
NJ,Gloucester County,308423
NJ,Hudson County,705472
NJ,Hunterdon County,130183
NJ,Mercer County,381671
NJ,Middlesex County,863623
NJ,Monmouth County,642799
NJ,Morris County,514423
NJ,Ocean County,659197
NJ,Passaic County,513395
NJ,Salem County,65338
NJ,Somerset County,348842
NJ,Sussex County,146132
NJ,Union County,572726
NJ,Warren County,111252
NM,Bernalillo County,671586
NM,Catron County,3825
NM,Chaves County,63561
NM,Cibola County,26780
NM,Colfax County,12255
NM,Curry County,47222
NM,De Baca County,1657
NM,Doña Ana County,225210
NM,Eddy County,60275
NM,Grant County,27472
NM,Guadalupe County,4292
NM,Harding County,624
NM,Hidalgo County,3965
NM,Lea County,72101
NM,Lincoln County,20029
NM,Los Alamos County,19444
NM,Luna County,25316
NM,McKinley County,68797
NM,Mora County,4123
NM,Otero County,68835
NM,Quay County,8510
NM,Rio Arriba County,39876
NM,Roosevelt County,18787
NM,San Juan County,120675
NM,San Miguel County,26668
NM,Sandoval County,155936
NM,Santa Fe County,155956
NM,Sierra County,11488
NM,Socorro County,15963
NM,Taos County,34405
NM,Torrance County,15633
NM,Union County,3964
NM,Valencia County,79141
NV,Carson City,58036
NV,Churchill County,25803
NV,Clark County,2336573
NV,Douglas County,49545
NV,Elko County,54293
NV,Esmeralda County,736
NV,Eureka County,1917
NV,Humboldt County,17136
NV,Lander County,5769
NV,Lincoln County,4452
NV,Lyon County,62583
NV,Mineral County,4528
NV,Nye County,55720
NV,Pershing County,6364
NV,Storey County,4177
NV,Washoe County,498022
NV,White Pine County,8522
NY,Albany County,316659
NY,Allegany County,46651
NY,Bronx County,1356476
NY,Broome County,196077
NY,Cattaraugus County,75600
NY,Cayuga County,74485
NY,Chautauqua County,124891
NY,Chemung County,81325
NY,Chenango County,45920
NY,Clinton County,78115
NY,Columbia County,60470
NY,Cortland County,45752
NY,Delaware County,44410
NY,Dutchess County,297150
NY,Erie County,946147
NY,Essex County,36775
NY,Franklin County,46502
NY,Fulton County,52234
NY,Genesee County,57529
NY,Greene County,47062
NY,Hamilton County,5082
NY,Herkimer County,59484
NY,Jefferson County,114787
NY,Kings County,2561225
NY,Lewis County,26548
NY,Livingston County,61158
NY,Madison County,66921
NY,Monroe County,748482
NY,Montgomery County,49368
NY,Nassau County,1381715
NY,New York County,1597451
NY,Niagara County,209457
NY,Oneida County,227555
NY,Onondaga County,467873
NY,Ontario County,112494
NY,Orange County,407470
NY,Orleans County,39124
NY,Oswego County,118162
NY,Otsego County,60126
NY,Putnam County,98060
NY,Queens County,2252196
NY,Rensselaer County,159305
NY,Richmond County,490687
NY,Rockland County,340807
NY,Saratoga County,238711
NY,Schenectady County,159902
NY,Schoharie County,30105
NY,Schuyler County,17507
NY,Seneca County,32349
NY,St. Lawrence County,106940
NY,Steuben County,92162
NY,Suffolk County,1523170
NY,Sullivan County,79920
NY,Tioga County,47715
NY,Tompkins County,103558
NY,Ulster County,182333
NY,Warren County,65380
NY,Washington County,60047
NY,Wayne County,90829
NY,Westchester County,990817
NY,Wyoming County,39532
NY,Yates County,24472
OH,Adams County,27521
OH,Allen County,100838
OH,Ashland County,52190
OH,Ashtabula County,96845
OH,Athens County,62706
OH,Auglaize County,46050
OH,Belmont County,64918
OH,Brown County,43777
OH,Butler County,393043
OH,Carroll County,26758
OH,Champaign County,38845
OH,Clark County,134610
OH,Clermont County,211972
OH,Clinton County,41938
OH,Columbiana County,100182
OH,Coshocton County,36869
OH,Crawford County,41529
OH,Cuyahoga County,1233088
OH,Darke County,51415
OH,Defiance County,38315
OH,Delaware County,231636
OH,Erie County,74035
OH,Fairfield County,165360
OH,Fayette County,28817
OH,Franklin County,1326063
OH,Fulton County,42007
OH,Gallia County,28986
OH,Geauga County,95407
OH,Greene County,169691
OH,Guernsey County,38089
OH,Hamilton County,827058
OH,Hancock County,74704
OH,Hardin County,30368
OH,Harrison County,14159
OH,Henry County,27520
OH,Highland County,43614
OH,Hocking County,27540
OH,Holmes County,44386
OH,Huron County,58199
OH,Jackson County,32606
OH,Jefferson County,64026
OH,Knox County,63320
OH,Lake County,231640
OH,Lawrence County,56118
OH,Licking County,183201
OH,Logan County,46057
OH,Lorain County,317910
OH,Lucas County,425484
OH,Madison County,44602
OH,Mahoning County,225596
OH,Marion County,64851
OH,Medina County,184042
OH,Meigs County,21767
OH,Mercer County,42439
OH,Miami County,110876
OH,Monroe County,13153
OH,Montgomery County,533796
OH,Morgan County,13646
OH,Morrow County,35595
OH,Muskingum County,86305
OH,Noble County,14311
OH,Ottawa County,39803
OH,Paulding County,18706
OH,Perry County,35551
OH,Pickaway County,61086
OH,Pike County,27001
OH,Portage County,162665
OH,Preble County,40556
OH,Putnam County,34199
OH,Richland County,125064
OH,Ross County,76501
OH,Sandusky County,58709
OH,Scioto County,71969
OH,Seneca County,54527
OH,Shelby County,47765
OH,Stark County,372716
OH,Summit County,535733
OH,Trumbull County,200373
OH,Tuscarawas County,91874
OH,Union County,69637
OH,Van Wert County,28704
OH,Vinton County,12474
OH,Warren County,252148
OH,Washington County,58577
OH,Wayne County,116510
OH,Williams County,36591
OH,Wood County,132650
OH,Wyandot County,21457
OK,Adair County,19627
OK,Alfalfa County,5673
OK,Atoka County,14525
OK,Beaver County,5018
OK,Beckham County,22042
OK,Blaine County,8539
OK,Bryan County,48967
OK,Caddo County,26214
OK,Canadian County,175829
OK,Carter County,48596
OK,Cherokee County,48185
OK,Choctaw County,14276
OK,Cimarron County,2191
OK,Cleveland County,301193
OK,Coal County,5266
OK,Comanche County,121574
OK,Cotton County,5427
OK,Craig County,14494
OK,Creek County,73332
OK,Custer County,28266
OK,Delaware County,41703
OK,Dewey County,4286
OK,Ellis County,3648
OK,Garfield County,62023
OK,Garvin County,25865
OK,Grady County,57375
OK,Grant County,4083
OK,Greer County,5466
OK,Harmon County,2392
OK,Harper County,3190
OK,Haskell County,11832
OK,Hughes County,13436
OK,Jackson County,24669
OK,Jefferson County,5347
OK,Johnston County,10216
OK,Kay County,43641
OK,Kingfisher County,15481
OK,Kiowa County,8398
OK,Latimer County,9526
OK,Le Flore County,49596
OK,Lincoln County,34562
OK,Logan County,53029
OK,Love County,10296
OK,Major County,7581
OK,Marshall County,15970
OK,Mayes County,39889
OK,McClain County,47072
OK,McCurtain County,30660
OK,McIntosh County,19603
OK,Murray County,13754
OK,Muskogee County,66677
OK,Noble County,10832
OK,Nowata County,9438
OK,Okfuskee County,11300
OK,Oklahoma County,808866
OK,Okmulgee County,37035
OK,Osage County,46130
OK,Ottawa County,30287
OK,Pawnee County,15864
OK,Payne County,83352
OK,Pittsburg County,43479
OK,Pontotoc County,38396
OK,Pottawatomie County,73791
OK,Pushmataha County,10800
OK,Roger Mills County,3295
OK,Rogers County,100248
OK,Seminole County,23565
OK,Sequoyah County,40291
OK,Stephens County,44014
OK,Texas County,20371
OK,Tillman County,6869
OK,Tulsa County,682868
OK,Wagoner County,89280
OK,Washington County,53706
OK,Washita County,10736
OK,Woods County,8564
OK,Woodward County,19947
OR,Baker County,16912
OR,Benton County,97713
OR,Clackamas County,423173
OR,Clatsop County,41102
OR,Columbia County,53880
OR,Coos County,64212
OR,Crook County,26952
OR,Curry County,23296
OR,Deschutes County,208513
OR,Douglas County,112435
OR,Gilliam County,2026
OR,Grant County,7215
OR,Harney County,7440
OR,Hood River County,23745
OR,Jackson County,220768
OR,Jefferson County,25454
OR,Josephine County,87821
OR,Klamath County,70003
OR,Lake County,8293
OR,Lane County,381181
OR,Lincoln County,50821
OR,Linn County,131496
OR,Malheur County,32044
OR,Marion County,346741
OR,Morrow County,12302
OR,Multnomah County,789698
OR,Polk County,89805
OR,Sherman County,1951
OR,Tillamook County,27417
OR,Umatilla County,80053
OR,Union County,25944
OR,Wallowa County,7674
OR,Wasco County,26333
OR,Washington County,598865
OR,Wheeler County,1436
OR,Yamhill County,108644
PA,Adams County,106748
PA,Allegheny County,1224825
PA,Armstrong County,64074
PA,Beaver County,165631
PA,Bedford County,47350
PA,Berks County,432821
PA,Blair County,120273
PA,Bradford County,59695
PA,Bucks County,645984
PA,Butler County,198413
PA,Cambria County,130668
PA,Cameron County,4380
PA,Carbon County,65458
PA,Centre County,157795
PA,Chester County,549784
PA,Clarion County,36970
PA,Clearfield County,77090
PA,Clinton County,37607
PA,Columbia County,65439
PA,Crawford County,82001
PA,Cumberland County,270738
PA,Dauphin County,289234
PA,Delaware County,576720
PA,Elk County,30198
PA,Erie County,267571
PA,Fayette County,123915
PA,Forest County,6449
PA,Franklin County,157854
PA,Fulton County,14468
PA,Greene County,34357
PA,Huntingdon County,43514
PA,Indiana County,83094
PA,Jefferson County,43612
PA,Juniata County,23243
PA,Lackawanna County,216123
PA,Lancaster County,558589
PA,Lawrence County,84472
PA,Lebanon County,144252
PA,Lehigh County,377754
PA,Luzerne County,327388
PA,Lycoming County,112724
PA,McKean County,39519
PA,Mercer County,108503
PA,Mifflin County,45922
PA,Monroe County,166053
PA,Montgomery County,868742
PA,Montour County,17860
PA,Northampton County,319091
PA,Northumberland County,90120
PA,Perry County,46083
PA,Philadelphia County,1550542
PA,Pike County,61247
PA,Potter County,15999
PA,Schuylkill County,143786
PA,Snyder County,39717
PA,Somerset County,72197
PA,Sullivan County,5834
PA,Susquehanna County,38109
PA,Tioga County,40840
PA,Union County,42042
PA,Venango County,49431
PA,Warren County,37572
PA,Washington County,210232
PA,Wayne County,51262
PA,Westmoreland County,351163
PA,Wyoming County,25902
PA,York County,464640
RI,Bristol County,50255
RI,Kent County,171278
RI,Newport County,83832
RI,Providence County,660615
RI,Washington County,129982
SC,Abbeville County,24434
SC,Aiken County,177130
SC,Allendale County,7369
SC,Anderson County,213076
SC,Bamberg County,12974
SC,Barnwell County,20447
SC,Beaufort County,198979
SC,Berkeley County,255217
SC,Calhoun County,14186
SC,Charleston County,424367
SC,Cherokee County,56714
SC,Chester County,32226
SC,Chesterfield County,44031
SC,Clarendon County,31004
SC,Colleton County,38874
SC,Darlington County,62416
SC,Dillon County,27698
SC,Dorchester County,169833
SC,Edgefield County,27607
SC,Fairfield County,20422
SC,Florence County,137214
SC,Georgetown County,65731
SC,Greenville County,558036
SC,Greenwood County,69460
SC,Hampton County,18122
SC,Horry County,397478
SC,Jasper County,33544
SC,Kershaw County,69905
SC,Lancaster County,108215
SC,Laurens County,68873
SC,Lee County,15967
SC,Lexington County,309528
SC,Marion County,28508
SC,Marlboro County,25704
SC,McCormick County,9941
SC,Newberry County,38825
SC,Oconee County,81221
SC,Orangeburg County,82820
SC,Pickens County,135495
SC,Richland County,425138
SC,Saluda County,19123
SC,Spartanburg County,356698
SC,Sumter County,104165
SC,Union County,26629
SC,Williamsburg County,29891
SC,York County,298320
SD,Aurora County,2782
SD,Beadle County,19591
SD,Bennett County,3305
SD,Bon Homme County,7065
SD,Brookings County,35980
SD,Brown County,37733
SD,Brule County,5311
SD,Buffalo County,1884
SD,Butte County,10863
SD,Campbell County,1340
SD,Charles Mix County,9240
SD,Clark County,3948
SD,Clay County,15431
SD,Codington County,28971
SD,Corson County,3782
SD,Custer County,9117
SD,Davison County,19922
SD,Day County,5451
SD,Deuel County,4354
SD,Dewey County,5208
SD,Douglas County,2838
SD,Edmunds County,4057
SD,Fall River County,7393
SD,Faulk County,2151
SD,Grant County,7553
SD,Gregory County,4018
SD,Haakon County,1851
SD,Hamlin County,6451
SD,Hand County,3107
SD,Hanson County,3471
SD,Harding County,1324
SD,Hughes County,17624
SD,Hutchinson County,7394
SD,Hyde County,1186
SD,Jackson County,2776
SD,Jerauld County,1660
SD,Jones County,855
SD,Kingsbury County,5276
SD,Lake County,11031
SD,Lawrence County,28053
SD,Lincoln County,73238
SD,Lyman County,3705
SD,Marshall County,4390
SD,McCook County,5809
SD,McPherson County,2334
SD,Meade County,30954
SD,Mellette County,1851
SD,Miner County,2280
SD,Minnehaha County,206930
SD,Moody County,6450
SD,Oglala Lakota County,13434
SD,Pennington County,115903
SD,Perkins County,2834
SD,Potter County,2413
SD,Roberts County,10206
SD,Sanborn County,2399
SD,Spink County,6166
SD,Stanley County,3043
SD,Sully County,1494
SD,Todd County,9199
SD,Tripp County,5621
SD,Turner County,9027
SD,Union County,17183
SD,Walworth County,5269
SD,Yankton County,23517
SD,Ziebach County,2322
TN,Anderson County,80234
TN,Bedford County,53055
TN,Benton County,16103
TN,Bledsoe County,15060
TN,Blount County,141456
TN,Bradley County,111579
TN,Campbell County,40223
TN,Cannon County,15063
TN,Carroll County,28860
TN,Carter County,57022
TN,Cheatham County,42254
TN,Chester County,17606
TN,Claiborne County,32654
TN,Clay County,7714
TN,Cocke County,37404
TN,Coffee County,60633
TN,Crockett County,13982
TN,Cumberland County,64760
TN,Davidson County,712334
TN,DeKalb County,21225
TN,Decatur County,11656
TN,Dickson County,56729
TN,Dyer County,36498
TN,Fayette County,44175
TN,Fentress County,19696
TN,Franklin County,44654
TN,Gibson County,51045
TN,Giles County,30721
TN,Grainger County,24681
TN,Greene County,72577
TN,Grundy County,13955
TN,Hamblen County,66216
TN,Hamilton County,379864
TN,Hancock County,6956
TN,Hardeman County,25567
TN,Hardin County,27229
TN,Hawkins County,58600
TN,Haywood County,17328
TN,Henderson County,28070
TN,Henry County,32554
TN,Hickman County,25826
TN,Houston County,8393
TN,Humphreys County,19209
TN,Jackson County,12363
TN,Jefferson County,57838
TN,Johnson County,18375
TN,Knox County,500669
TN,Lake County,6347
TN,Lauderdale County,24610
TN,Lawrence County,46114
TN,Lewis County,13066
TN,Lincoln County,36169
TN,Loudon County,60591
TN,Macon County,26793
TN,Madison County,99193
TN,Marion County,29382
TN,Marshall County,36961
TN,Maury County,110760
TN,McMinn County,55678
TN,McNairy County,26163
TN,Meigs County,13691
TN,Monroe County,48594
TN,Montgomery County,239872
TN,Moore County,6748
TN,Morgan County,21573
TN,Obion County,30411
TN,Overton County,23327
TN,Perry County,8891
TN,Pickett County,5128
TN,Polk County,18033
TN,Putnam County,83844
TN,Rhea County,33924
TN,Roane County,56096
TN,Robertson County,76776
TN,Rutherford County,367101
TN,Scott County,22171
TN,Sequatchie County,17161
TN,Sevier County,99415
TN,Shelby County,910042
TN,Smith County,20538
TN,Stewart County,14222
TN,Sullivan County,162135
TN,Sumner County,207994
TN,Tipton County,62015
TN,Trousdale County,12271
TN,Unicoi County,17756
TN,Union County,20741
TN,Van Buren County,6493
TN,Warren County,42638
TN,Washington County,138420
TN,Wayne County,16066
TN,Weakley County,33084
TN,White County,28692
TN,Williamson County,264460
TN,Wilson County,163674
TX,Anderson County,57736
TX,Andrews County,18664
TX,Angelina County,87319
TX,Aransas County,25374
TX,Archer County,9029
TX,Armstrong County,1832
TX,Atascosa County,51784
TX,Austin County,31677
TX,Bailey County,6672
TX,Bandera County,22637
TX,Bastrop County,110778
TX,Baylor County,3463
TX,Bee County,30850
TX,Bell County,393193
TX,Bexar County,2087679
TX,Blanco County,13048
TX,Borden County,572
TX,Bosque County,18996
TX,Bowie County,91687
TX,Brazoria County,398938
TX,Brazos County,244703
TX,Brewster County,9513
TX,Briscoe County,1445
TX,Brooks County,6848
TX,Brown County,38709
TX,Burleson County,19475
TX,Burnet County,53991
TX,Caldwell County,49859
TX,Calhoun County,19696
TX,Callahan County,14374
TX,Cameron County,426710
TX,Camp County,13000
TX,Carson County,5878
TX,Cass County,28659
TX,Castro County,7227
TX,Chambers County,53876
TX,Cherokee County,52217
TX,Childress County,6788
TX,Clay County,10738
TX,Cochran County,2509
TX,Coke County,3352
TX,Coleman County,7842
TX,Collin County,1195359
TX,Collingsworth County,2563
TX,Colorado County,21117
TX,Comal County,193928
TX,Comanche County,14050
TX,Concho County,3297
TX,Cooke County,43782
TX,Coryell County,84878
TX,Cottle County,1294
TX,Crane County,4574
TX,Crockett County,2858
TX,Crosby County,4917
TX,Culberson County,2196
TX,Dallam County,7237
TX,Dallas County,2606358
TX,Dawson County,12004
TX,DeWitt County,19929
TX,Deaf Smith County,18347
TX,Delta County,5520
TX,Denton County,1007703
TX,Dickens County,1711
TX,Dimmit County,8257
TX,Donley County,3214
TX,Duval County,9604
TX,Eastland County,18037
TX,Ector County,164494
TX,Edwards County,1393
TX,El Paso County,869880
TX,Ellis County,222829
TX,Erath County,44195
TX,Falls County,17286
TX,Fannin County,37571
TX,Fayette County,25474
TX,Fisher County,3612
TX,Floyd County,5090
TX,Foard County,1079
TX,Fort Bend County,916778
TX,Franklin County,10735
TX,Freestone County,20441
TX,Frio County,17987
TX,Gaines County,22523
TX,Galveston County,361744
TX,Garza County,4517
TX,Gillespie County,27733
TX,Glasscock County,1141
TX,Goliad County,7144
TX,Gonzales County,19930
TX,Gray County,20916
TX,Grayson County,146907
TX,Gregg County,126243
TX,Grimes County,32384
TX,Guadalupe County,188454
TX,Hale County,31761
TX,Hall County,2818
TX,Hamilton County,8619
TX,Hansford County,5071
TX,Hardeman County,3490
TX,Hardin County,58261
TX,Harris County,4835125
TX,Harrison County,70895
TX,Hartley County,5145
TX,Haskell County,5385
TX,Hays County,280486
TX,Hemphill County,3189
TX,Henderson County,86158
TX,Hidalgo County,898471
TX,Hill County,38101
TX,Hockley County,21460
TX,Hood County,67774
TX,Hopkins County,38172
TX,Houston County,22066
TX,Howard County,30554
TX,Hudspeth County,3451
TX,Hunt County,113347
TX,Hutchinson County,20033
TX,Irion County,1549
TX,Jack County,8875
TX,Jackson County,15221
TX,Jasper County,32694
TX,Jeff Davis County,1856
TX,Jefferson County,251496
TX,Jim Hogg County,4720
TX,Jim Wells County,38662
TX,Johnson County,202906
TX,Jones County,20381
TX,Karnes County,15018
TX,Kaufman County,185690
TX,Kendall County,50537
TX,Kenedy County,343
TX,Kent County,734
TX,Kerr County,53915
TX,Kimble County,4442
TX,King County,217
TX,Kinney County,3148
TX,Kleberg County,30069
TX,Knox County,3302
TX,La Salle County,6537
TX,Lamar County,51127
TX,Lamb County,12711
TX,Lampasas County,23262
TX,Lavaca County,20571
TX,Lee County,18240
TX,Leon County,16538
TX,Liberty County,108272
TX,Limestone County,22250
TX,Lipscomb County,2906
TX,Live Oak County,11584
TX,Llano County,22875
TX,Loving County,43
TX,Lubbock County,320940
TX,Lynn County,5761
TX,Madison County,13742
TX,Marion County,9571
TX,Martin County,5216
TX,Mason County,3931
TX,Matagorda County,36359
TX,Maverick County,57762
TX,McCulloch County,7452
TX,McLennan County,268583
TX,McMullen County,568
TX,Medina County,54797
TX,Menard County,1958
TX,Midland County,177108
TX,Milam County,25951
TX,Mills County,4548
TX,Mitchell County,9075
TX,Montague County,21598
TX,Montgomery County,711354
TX,Moore County,21190
TX,Morris County,12066
TX,Motley County,1020
TX,Nacogdoches County,65375
TX,Navarro County,55635
TX,Newton County,12039
TX,Nolan County,14306
TX,Nueces County,352289
TX,Ochiltree County,9704
TX,Oldham County,1783
TX,Orange County,85722
TX,Palo Pinto County,29747
TX,Panola County,22838
TX,Parker County,173494
TX,Parmer County,9617
TX,Pecos County,14623
TX,Polk County,54186
TX,Potter County,114647
TX,Presidio County,5795
TX,Rains County,12986
TX,Randall County,148255
TX,Reagan County,3141
TX,Real County,2854
TX,Red River County,11678
TX,Reeves County,11770
TX,Refugio County,6666
TX,Roberts County,840
TX,Robertson County,17267
TX,Rockwall County,131307
TX,Runnels County,9868
TX,Rusk County,53079
TX,Sabine County,10106
TX,San Augustine County,7833
TX,San Jacinto County,28936
TX,San Patricio County,70660
TX,San Saba County,5845
TX,Schleicher County,2391
TX,Scurry County,16212
TX,Shackelford County,3229
TX,Shelby County,24179
TX,Sherman County,2678
TX,Smith County,245209
TX,Somervell County,9888
TX,Starr County,65934
TX,Stephens County,9343
TX,Sterling County,1397
TX,Stonewall County,1218
TX,Sutton County,3221
TX,Swisher County,6955
TX,Tarrant County,2182947
TX,Taylor County,146836
TX,Terrell County,687
TX,Terry County,11547
TX,Throckmorton County,1526
TX,Titus County,31357
TX,Tom Green County,119057
TX,Travis County,1334961
TX,Trinity County,14228
TX,Tyler County,20382
TX,Upshur County,43281
TX,Upton County,3109
TX,Uvalde County,24960
TX,Val Verde County,47720
TX,Van Zandt County,64000
TX,Victoria County,91664
TX,Walker County,81268
TX,Waller County,63553
TX,Ward County,10966
TX,Washington County,37007
TX,Webb County,269148
TX,Wharton County,41739
TX,Wheeler County,4804
TX,Wichita County,130180
TX,Wilbarger County,12522
TX,Willacy County,20037
TX,Williamson County,697191
TX,Wilson County,54183
TX,Winkler County,7414
TX,Wise County,78097
TX,Wood County,47921
TX,Yoakum County,7468
TX,Young County,18124
TX,Zapata County,13736
TX,Zavala County,9312
UT,Beaver County,7233
UT,Box Elder County,62684
UT,Cache County,142393
UT,Carbon County,20609
UT,Daggett County,992
UT,Davis County,373207
UT,Duchesne County,20477
UT,Emery County,10144
UT,Garfield County,5314
UT,Grand County,9706
UT,Iron County,64211
UT,Juab County,13023
UT,Kane County,8425
UT,Millard County,13437
UT,Morgan County,13000
UT,Piute County,1550
UT,Rich County,2670
UT,Salt Lake County,1185813
UT,San Juan County,14358
UT,Sanpete County,30277
UT,Sevier County,22344
UT,Summit County,42759
UT,Tooele County,82051
UT,Uintah County,37747
UT,Utah County,719174
UT,Wasatch County,37144
UT,Washington County,202452
UT,Wayne County,2614
UT,Weber County,271926
VA,Accomack County,33239
VA,Albemarle County,115676
VA,Alexandria city,155230
VA,Alleghany County,14595
VA,Amelia County,13480
VA,Amherst County,31396
VA,Appomattox County,16864
VA,Arlington County,234162
VA,Augusta County,78247
VA,Bath County,4051
VA,Bedford County,81525
VA,Bland County,6179
VA,Botetourt County,34125
VA,Bristol city,16807
VA,Brunswick County,15749
VA,Buchanan County,19087
VA,Buckingham County,16978
VA,Buena Vista city,6566
VA,Campbell County,55270
VA,Caroline County,32640
VA,Carroll County,29239
VA,Charles City County,6610
VA,Charlotte County,11336
VA,Charlottesville city,44983
VA,Chesapeake city,253886
VA,Chesterfield County,383876
VA,Clarke County,15466
VA,Colonial Heights city,18393
VA,Covington city,5545
VA,Craig County,4843
VA,Culpeper County,54973
VA,Cumberland County,9878
VA,Danville city,41837
VA,Dickenson County,13640
VA,Dinwiddie County,28343
VA,Emporia city,5463
VA,Essex County,10598
VA,Fairfax County,1141878
VA,Fairfax city,25144
VA,Falls Church city,14685
VA,Fauquier County,75165
VA,Floyd County,15679
VA,Fluvanna County,28462
VA,Franklin County,55549
VA,Franklin city,8339
VA,Frederick County,95994
VA,Fredericksburg city,28928
VA,Galax city,6717
VA,Giles County,16457
VA,Gloucester County,40057
VA,Goochland County,27197
VA,Grayson County,15285
VA,Greene County,21301
VA,Greensville County,11133
VA,Halifax County,33432
VA,Hampton city,137098
VA,Hanover County,114148
VA,Harrisonburg city,51082
VA,Henrico County,334760
VA,Henry County,49702
VA,Highland County,2339
VA,Hopewell city,22752
VA,Isle of Wight County,40711
VA,James City County,82654
VA,King George County,28568
VA,King William County,19030
VA,King and Queen County,6720
VA,Lancaster County,10859
VA,Lee County,21745
VA,Lexington city,7528
VA,Loudoun County,436347
VA,Louisa County,41037
VA,Lunenburg County,12038
VA,Lynchburg city,79535
VA,Madison County,14128
VA,Manassas Park city,16361
VA,Manassas city,42696
VA,Martinsville city,13763
VA,Mathews County,8514
VA,Mecklenburg County,30648
VA,Middlesex County,10924
VA,Montgomery County,98666
VA,Nelson County,14705
VA,New Kent County,26134
VA,Newport News city,183118
VA,Norfolk city,230930
VA,Northampton County,12021
VA,Northumberland County,12391
VA,Norton city,3492
VA,Nottoway County,15566
VA,Orange County,38574
VA,Page County,23741
VA,Patrick County,17509
VA,Petersburg city,33309
VA,Pittsylvania County,59571
VA,Poquoson city,12635
VA,Portsmouth city,96793
VA,Powhatan County,32105
VA,Prince Edward County,22049
VA,Prince George County,42871
VA,Prince William County,489640
VA,Pulaski County,33655
VA,Radford city,16971
VA,Rappahannock County,7414
VA,Richmond County,9184
VA,Richmond city,229247
VA,Roanoke County,97026
VA,Roanoke city,97171
VA,Rockbridge County,22358
VA,Rockingham County,86568
VA,Russell County,25477
VA,Salem city,25600
VA,Scott County,21433
VA,Shenandoah County,45228
VA,Smyth County,29216
VA,Southampton County,17975
VA,Spotsylvania County,149588
VA,Stafford County,165428
VA,Staunton city,25915
VA,Suffolk city,100659
VA,Surry County,6593
VA,Sussex County,10757
VA,Tazewell County,39120
VA,Virginia Beach city,453649
VA,Warren County,41843
VA,Washington County,54050
VA,Waynesboro city,23182
VA,Westmoreland County,19013
VA,Williamsburg city,15847
VA,Winchester city,27617
VA,Wise County,35174
VA,Wythe County,28104
VA,York County,70952
VT,Addison County,37720
VT,Bennington County,37183
VT,Caledonia County,30610
VT,Chittenden County,169481
VT,Essex County,6010
VT,Franklin County,50994
VT,Grand Isle County,7467
VT,Lamoille County,26060
VT,Orange County,29943
VT,Orleans County,27516
VT,Rutland County,60271
VT,Washington County,60142
VT,Windham County,45966
VT,Windsor County,58101
WA,Adams County,20820
WA,Asotin County,22549
WA,Benton County,215219
WA,Chelan County,79997
WA,Clallam County,77616
WA,Clark County,521150
WA,Columbia County,4053
WA,Cowlitz County,112864
WA,Douglas County,44798
WA,Ferry County,7497
WA,Franklin County,99034
WA,Garfield County,2363
WA,Grant County,102678
WA,Grays Harbor County,77290
WA,Island County,86267
WA,Jefferson County,33714
WA,King County,2271380
WA,Kitsap County,277658
WA,Kittitas County,45508
WA,Klickitat County,23589
WA,Lewis County,86154
WA,Lincoln County,11738
WA,Mason County,68389
WA,Okanogan County,43712
WA,Pacific County,24200
WA,Pend Oreille County,14361
WA,Pierce County,928696
WA,San Juan County,18566
WA,Skagit County,131417
WA,Skamania County,12640
WA,Snohomish County,844761
WA,Spokane County,551455
WA,Stevens County,48837
WA,Thurston County,299003
WA,Wahkiakum County,4765
WA,Walla Walla County,61568
WA,Whatcom County,231919
WA,Whitman County,48012
WA,Yakima County,256643
WI,Adams County,21449
WI,Ashland County,16079
WI,Barron County,46833
WI,Bayfield County,16769
WI,Brown County,271417
WI,Buffalo County,13419
WI,Burnett County,17092
WI,Calumet County,53199
WI,Chippewa County,66970
WI,Clark County,34774
WI,Columbia County,58091
WI,Crawford County,15944
WI,Dane County,575347
WI,Dodge County,88231
WI,Door County,30562
WI,Douglas County,44264
WI,Dunn County,45794
WI,Eau Claire County,107903
WI,Florence County,4682
WI,Fond du Lac County,103948
WI,Forest County,9325
WI,Grant County,51409
WI,Green County,36951
WI,Green Lake County,19344
WI,Iowa County,23956
WI,Iron County,6228
WI,Jackson County,20855
WI,Jefferson County,85743
WI,Juneau County,26594
WI,Kenosha County,167488
WI,Kewaunee County,20690
WI,La Crosse County,120486
WI,Lafayette County,16945
WI,Langlade County,19404
WI,Lincoln County,28405
WI,Manitowoc County,81331
WI,Marathon County,138612
WI,Marinette County,42106
WI,Marquette County,15838
WI,Menominee County,4226
WI,Milwaukee County,916205
WI,Monroe County,46151
WI,Oconto County,39775
WI,Oneida County,38226
WI,Outagamie County,193234
WI,Ozaukee County,93460
WI,Pepin County,7441
WI,Pierce County,43026
WI,Polk County,45762
WI,Portage County,71024
WI,Price County,14102
WI,Racine County,196613
WI,Richland County,17197
WI,Rock County,164278
WI,Rusk County,14143
WI,Sauk County,65920
WI,Sawyer County,18552
WI,Shawano County,41109
WI,Sheboygan County,117752
WI,St. Croix County,96763
WI,Taylor County,20058
WI,Trempealeau County,30899
WI,Vernon County,31170
WI,Vilas County,23885
WI,Walworth County,105822
WI,Washburn County,16930
WI,Washington County,138168
WI,Waukesha County,412591
WI,Waupaca County,51388
WI,Waushara County,24934
WI,Winnebago County,171735
WI,Wood County,73939
WV,Barbour County,15378
WV,Berkeley County,132440
WV,Boone County,20576
WV,Braxton County,12162
WV,Brooke County,21373
WV,Cabell County,92082
WV,Calhoun County,5959
WV,Clay County,7783
WV,Doddridge County,7680
WV,Fayette County,39072
WV,Gilmer County,7254
WV,Grant County,10921
WV,Greenbrier County,32149
WV,Hampshire County,23649
WV,Hancock County,28145
WV,Hardy County,14251
WV,Harrison County,64639
WV,Jackson County,27593
WV,Jefferson County,59787
WV,Kanawha County,174805
WV,Lewis County,16500
WV,Lincoln County,19701
WV,Logan County,30827
WV,Marion County,55807
WV,Marshall County,29405
WV,Mason County,24765
WV,McDowell County,17439
WV,Mercer County,58057
WV,Mineral County,26867
WV,Mingo County,22023
WV,Monongalia County,107718
WV,Monroe County,12382
WV,Morgan County,17649
WV,Nicholas County,24169
WV,Ohio County,41194
WV,Pendleton County,6029
WV,Pleasants County,7428
WV,Pocahontas County,7765
WV,Preston County,34099
WV,Putnam County,56962
WV,Raleigh County,72356
WV,Randolph County,27350
WV,Ritchie County,8167
WV,Roane County,13743
WV,Summers County,11581
WV,Taylor County,16388
WV,Tucker County,6604
WV,Tyler County,7919
WV,Upshur County,23529
WV,Wayne County,37686
WV,Webster County,8045
WV,Wetzel County,13890
WV,Wirt County,5000
WV,Wood County,83052
WV,Wyoming County,20277
WY,Albany County,38257
WY,Big Horn County,12018
WY,Campbell County,47498
WY,Carbon County,14334
WY,Converse County,13809
WY,Crook County,7592
WY,Fremont County,39815
WY,Goshen County,12642
WY,Hot Springs County,4661
WY,Johnson County,8759
WY,Laramie County,100984
WY,Lincoln County,20880
WY,Natrona County,79941
WY,Niobrara County,2354
WY,Park County,30735
WY,Platte County,8546
WY,Sheridan County,32519
WY,Sublette County,8969
WY,Sweetwater County,41249
WY,Teton County,23232
WY,Uinta County,20745
WY,Washakie County,7710
WY,Weston County,6808
